City_ID,City,Country,Date,Lat,Lng,Max Temp,Humidity,Cloudiness,Wind Speed
0,Mataura,NZ,2020-04-18 23:06:02,-46.19,168.86,53.01,74,80,8.01
1,Fomboni,KM,2020-04-18 23:06:03,-12.28,43.74,82.76,72,75,10.85
2,Nouakchott,MR,2020-04-18 23:02:02,18.09,-15.98,66.2,88,0,14.99
3,Houma,US,2020-04-18 23:06:03,29.6,-90.72,72.0,94,40,5.75
4,Albany,US,2020-04-18 23:02:35,42.6,-73.97,46.0,55,76,11.52
5,East London,ZA,2020-04-18 23:05:42,-33.02,27.91,69.89,66,0,18.19
6,Tiksi,RU,2020-04-18 23:05:59,71.69,128.87,10.29,85,68,3.94
7,Hermanus,ZA,2020-04-18 23:06:04,-34.42,19.23,64.0,60,78,1.01
8,Nikolskoye,RU,2020-04-18 23:06:04,59.7,30.79,37.4,92,90,11.18
9,New Norfolk,AU,2020-04-18 23:02:30,-42.78,147.06,50.0,85,79,2.19
10,Chuy,UY,2020-04-18 22:57:29,-33.7,-53.46,64.35,86,10,9.82
11,Fantan,AM,2020-04-18 23:06:05,40.39,44.68,55.4,50,99,5.82
12,Codrington,AU,2020-04-18 23:04:25,-38.27,141.97,56.52,72,53,10.31
13,Souillac,MU,2020-04-18 23:02:46,-20.52,57.52,78.01,78,75,12.75
14,Verkhnyaya Toyma,RU,2020-04-18 23:06:05,62.23,45.0,27.7,97,19,2.82
15,Arraial Do Cabo,BR,2020-04-18 22:56:53,-22.97,-42.03,74.16,71,97,8.01
16,Ancud,CL,2020-04-18 23:02:57,-41.87,-73.82,55.4,93,40,8.05
17,Qaanaaq,GL,2020-04-18 23:03:16,77.48,-69.36,21.69,88,100,19.26
18,Longonjo,AO,2020-04-18 23:04:05,-12.91,15.25,61.81,57,97,2.89
19,Nanortalik,GL,2020-04-18 22:53:42,60.14,-45.24,28.76,92,89,5.21
20,Jamestown,US,2020-04-18 23:00:26,42.1,-79.24,46.0,41,1,13.87
21,Bluff,NZ,2020-04-18 23:00:11,-46.6,168.33,53.01,74,100,8.01
22,Ribeira Grande,PT,2020-04-18 22:56:37,38.52,-28.7,61.86,85,100,15.57
23,Santa Maria,BR,2020-04-18 23:05:02,-29.68,-53.81,66.2,68,0,6.93
24,Lebu,CL,2020-04-18 22:55:13,-37.62,-73.65,54.84,91,51,2.13
25,Khromtau,KZ,2020-04-18 23:06:08,50.25,58.43,41.36,67,96,0.92
26,Avera,US,2020-04-18 22:54:53,33.19,-82.53,75.2,27,1,10.29
27,Leninsk,RU,2020-04-18 23:06:08,48.71,45.2,37.4,69,62,6.71
28,Naze,JP,2020-04-18 23:06:08,28.37,129.48,71.6,78,75,9.17
29,Puerto Ayora,EC,2020-04-18 22:56:29,-0.74,-90.35,84.2,70,40,10.29
30,Flinders,AU,2020-04-18 23:03:28,-34.58,150.86,59.0,76,49,1.99
31,Voznesenskoye,RU,2020-04-18 23:06:09,54.89,42.76,32.79,90,74,5.08
32,Port Alfred,ZA,2020-04-18 23:02:37,-33.59,26.89,63.0,90,0,5.01
33,Roald,NO,2020-04-18 23:06:09,62.58,6.13,41.0,86,7,10.29
34,Yarada,IN,2020-04-18 23:06:10,17.65,83.27,80.85,80,0,11.34
35,Along,IN,2020-04-18 23:06:10,28.17,94.77,65.39,68,69,2.89
36,Mabaruma,GY,2020-04-18 23:06:10,8.2,-59.78,77.05,86,30,7.25
37,Dwarka,IN,2020-04-18 23:01:52,22.24,68.97,79.92,82,22,12.93
38,Polunochnoye,RU,2020-04-18 22:58:10,60.87,60.42,32.41,88,96,6.08
39,Cape Town,ZA,2020-04-18 23:00:05,-33.93,18.42,63.0,63,85,2.24
40,Clyde River,CA,2020-04-18 22:57:10,70.47,-68.59,8.6,84,90,6.93
41,Hilo,US,2020-04-18 22:52:54,19.73,-155.09,82.4,54,20,12.75
42,Rikitea,PF,2020-04-18 23:00:12,-23.12,-134.97,77.41,70,42,5.93
43,Petatlan,MX,2020-04-18 23:06:12,17.52,-101.27,87.8,55,5,9.17
44,Constitucion,CL,2020-04-18 22:57:55,-35.33,-72.42,59.74,91,76,10.0
45,Belyy Yar,RU,2020-04-18 23:06:12,53.6,91.39,37.4,64,0,6.71
46,Vardo,NO,2020-04-18 23:03:00,70.37,31.11,36.64,81,90,18.32
47,Alamos,MX,2020-04-18 23:06:12,27.02,-108.93,84.99,28,14,8.01
48,Kapaa,US,2020-04-18 22:56:29,22.08,-159.32,80.6,65,1,5.82
49,Maniitsoq,GL,2020-04-18 23:06:13,65.42,-52.9,26.06,94,100,21.68
50,Koumac,NC,2020-04-18 23:06:13,-20.57,164.28,81.21,62,45,4.32
51,Tilichiki,RU,2020-04-18 22:57:18,60.47,166.1,10.78,91,0,10.83
52,Caravelas,BR,2020-04-18 23:06:13,-17.71,-39.25,76.51,78,93,17.25
53,Cabo San Lucas,MX,2020-04-18 22:57:05,22.89,-109.91,78.01,56,5,11.41
54,Avarua,CK,2020-04-18 23:02:06,-21.21,-159.78,80.6,69,70,5.82
55,Mar Del Plata,AR,2020-04-18 22:52:36,-38.0,-57.56,69.01,64,24,9.17
56,Pevek,RU,2020-04-18 22:55:34,69.7,170.31,3.22,91,30,7.29
57,Chumikan,RU,2020-04-18 23:06:15,54.72,135.31,21.02,94,100,12.17
58,Ushuaia,AR,2020-04-18 23:00:50,-54.8,-68.3,48.2,57,40,3.91
59,Iqaluit,CA,2020-04-18 23:02:55,63.75,-68.51,5.0,71,20,5.82
60,Kathmandu,NP,2020-04-18 23:06:15,27.72,85.32,55.4,93,20,4.7
61,Punta Arenas,CL,2020-04-18 22:56:41,-53.15,-70.92,50.0,57,40,14.99
62,Hithadhoo,MV,2020-04-18 22:56:32,-0.6,73.08,83.93,73,79,11.03
63,Butaritari,KI,2020-04-18 22:56:29,3.07,172.79,83.34,77,88,17.34
64,Kabare,CD,2020-04-18 23:06:16,-2.47,28.82,60.82,60,100,1.54
65,Cap Malheureux,MU,2020-04-18 23:06:17,-19.98,57.61,78.01,78,75,12.75
66,San Cristobal,VE,2020-04-18 23:03:44,7.77,-72.22,87.8,45,40,10.29
67,Zheleznodorozhnyy,RU,2020-04-18 23:06:17,55.75,38.0,35.6,88,72,4.47
68,Kloulklubed,PW,2020-04-18 23:06:17,7.04,134.26,80.6,88,75,6.93
69,Novyy Urengoy,RU,2020-04-18 23:06:17,66.08,76.63,36.66,97,100,16.37
70,Siniscola,IT,2020-04-18 23:06:18,40.57,9.69,58.39,86,97,3.31
71,Moerai,PF,2020-04-18 23:06:18,-22.43,-151.33,81.19,73,35,6.42
72,Taoudenni,ML,2020-04-18 23:06:18,22.68,-3.98,77.72,53,30,15.19
73,Bandarbeyla,SO,2020-04-18 23:02:00,9.49,50.81,80.62,73,43,8.03
74,Kolpashevo,RU,2020-04-18 23:06:19,58.31,82.91,38.14,79,84,9.62
75,Sao Joao Da Barra,BR,2020-04-18 23:03:40,-21.64,-41.05,71.83,82,100,7.25
76,Kindu,CD,2020-04-18 23:02:53,-2.95,25.95,70.59,77,95,2.15
77,Egvekinot,RU,2020-04-18 22:57:23,66.32,-179.17,8.58,89,100,20.69
78,Khatanga,RU,2020-04-18 22:57:09,71.97,102.5,14.76,94,0,4.16
79,Keningau,MY,2020-04-18 23:06:20,5.34,116.16,75.2,94,20,6.93
80,Manzini,SZ,2020-04-18 23:06:20,-26.25,31.5,68.0,100,88,5.82
81,Anloga,GH,2020-04-18 23:06:20,5.79,0.9,84.2,83,20,6.93
82,Coquimbo,CL,2020-04-18 22:56:36,-29.95,-71.34,60.8,82,20,10.29
83,Dingle,PH,2020-04-18 22:54:56,11.0,122.67,83.3,71,13,11.9
84,Thompson,CA,2020-04-18 22:56:58,55.74,-97.86,17.6,44,20,18.34
85,Kodiak,US,2020-04-18 22:54:23,57.79,-152.41,46.4,75,20,13.87
86,Mangan,IN,2020-04-18 23:06:21,27.52,88.53,64.42,36,96,3.4
87,Shunyi,CN,2020-04-18 23:06:21,40.12,116.65,68.0,54,92,4.47
88,Palana,RU,2020-04-18 23:04:06,59.12,159.97,25.7,94,100,15.12
89,Lavrentiya,RU,2020-04-18 23:02:54,65.58,-171.0,20.88,95,100,9.64
90,Broome,US,2020-04-18 23:03:39,42.25,-75.83,43.0,51,75,11.41
91,Pitimbu,BR,2020-04-18 22:55:31,-7.47,-34.81,80.6,88,20,5.61
92,San Andres,CO,2020-04-18 22:58:30,12.58,-81.7,86.0,66,20,8.05
93,Atuona,PF,2020-04-18 22:56:30,-9.8,-139.03,82.0,75,95,17.6
94,Severodvinsk,RU,2020-04-18 23:06:24,64.56,39.83,35.6,98,40,6.71
95,Vila,PT,2020-04-18 23:03:57,42.03,-8.16,50.0,93,20,3.36
96,Chokurdakh,RU,2020-04-18 22:54:26,70.63,147.92,0.03,89,100,10.31
97,Kuantan,MY,2020-04-18 23:06:24,3.81,103.33,77.0,94,20,2.24
98,Airai,TL,2020-04-18 22:57:22,-8.93,125.41,68.59,48,59,3.67
99,Hay River,CA,2020-04-18 23:03:38,60.82,-115.8,42.8,52,75,6.93
100,Christchurch,NZ,2020-04-18 23:05:56,-43.53,172.63,64.0,44,1,10.29
101,Zyryanka,RU,2020-04-18 23:06:25,65.75,150.85,4.35,92,100,21.5
102,Harwich,GB,2020-04-18 23:06:25,51.94,1.28,48.0,85,41,9.15
103,Pedernales,DO,2020-04-18 23:06:26,18.04,-71.74,79.14,70,29,4.29
104,Djambala,CG,2020-04-18 23:02:05,-2.54,14.75,69.67,75,100,4.36
105,Mahebourg,MU,2020-04-18 23:00:19,-20.41,57.7,78.01,78,75,12.75
106,Yellowknife,CA,2020-04-18 22:56:31,62.46,-114.35,24.8,92,90,12.75
107,Norman Wells,CA,2020-04-18 22:56:52,65.28,-126.83,37.4,93,90,14.99
108,Narsaq,GL,2020-04-18 22:59:40,60.92,-46.05,30.2,50,93,1.12
109,Torbay,CA,2020-04-18 23:04:04,47.67,-52.73,34.0,50,20,11.41
110,Henties Bay,NA,2020-04-18 23:06:27,-22.12,14.28,55.99,95,0,4.18
111,Kahului,US,2020-04-18 22:58:06,20.89,-156.47,84.2,51,20,18.34
112,Ponta Do Sol,PT,2020-04-18 23:00:15,32.67,-17.1,59.0,57,7,5.01
113,Irving,US,2020-04-18 23:03:16,32.81,-96.95,69.8,49,90,11.41
114,Hobart,AU,2020-04-18 23:01:36,-42.88,147.33,51.01,81,75,8.05
115,Puerto Escondido,MX,2020-04-18 23:03:43,15.85,-97.07,86.0,74,40,8.05
116,Kruisfontein,ZA,2020-04-18 23:02:57,-34.0,24.73,65.39,36,0,6.62
117,Quang Ngai,VN,2020-04-18 23:04:28,15.12,108.8,77.94,84,49,8.08
118,Itarema,BR,2020-04-18 23:06:29,-2.92,-39.92,77.56,83,31,1.52
119,Kozluk,TR,2020-04-18 23:06:29,38.19,41.49,51.8,93,20,3.36
120,Busselton,AU,2020-04-18 22:55:26,-33.65,115.33,61.0,97,95,22.03
121,Salalah,OM,2020-04-18 23:01:48,17.02,54.09,82.4,69,40,4.7
122,Dikson,RU,2020-04-18 22:56:48,73.51,80.55,35.65,87,100,20.71
123,Port Elizabeth,ZA,2020-04-18 22:57:11,-33.92,25.57,62.6,93,0,2.24
124,Berlevag,NO,2020-04-18 23:00:23,70.86,29.09,34.47,87,70,10.25
125,Castro,BR,2020-04-18 23:00:14,-24.79,-50.01,56.71,69,47,6.08
126,Provideniya,RU,2020-04-18 22:56:04,64.38,-173.3,23.2,96,100,13.89
127,Awbari,LY,2020-04-18 23:06:31,26.59,12.78,77.16,22,2,14.07
128,Montepuez,MZ,2020-04-18 23:06:31,-13.13,39.0,67.35,85,24,7.56
129,Longyearbyen,SJ,2020-04-18 22:54:57,78.22,15.64,28.4,86,20,2.24
130,Steinbach,DE,2020-04-18 23:06:28,50.17,8.57,64.0,82,38,8.05
131,Trinidad,BO,2020-04-18 22:58:12,-14.83,-64.9,78.8,57,0,4.7
132,Nemuro,JP,2020-04-18 23:06:32,43.32,145.57,40.03,79,100,9.22
133,Qunduz,AF,2020-04-18 23:06:32,36.73,68.86,57.63,47,73,1.99
134,Rocha,UY,2020-04-18 22:55:04,-34.48,-54.33,60.55,93,0,6.98
135,Bredasdorp,ZA,2020-04-18 22:54:20,-34.53,20.04,59.0,93,55,2.84
136,Pucallpa,PE,2020-04-18 23:06:33,-8.38,-74.55,72.34,63,36,1.01
137,Luderitz,NA,2020-04-18 23:00:13,-26.65,15.16,57.2,100,4,5.82
138,Gallup,US,2020-04-18 23:04:38,35.53,-108.74,60.8,14,1,19.46
139,Barrow,US,2020-04-18 23:01:37,71.29,-156.79,5.0,71,1,13.87
140,Esperance,AU,2020-04-18 22:54:39,-33.87,121.9,59.0,93,100,14.99
141,Alofi,NU,2020-04-18 22:53:43,-19.06,-169.92,82.4,74,51,14.99
142,Saldanha,ZA,2020-04-18 22:56:47,-33.01,17.94,66.2,48,96,4.7
143,Tomar,PT,2020-04-18 23:06:35,39.6,-8.41,55.99,93,28,6.02
144,Kaitangata,NZ,2020-04-18 23:04:09,-46.28,169.85,59.0,61,82,5.99
145,Siilinjarvi,FI,2020-04-18 23:06:35,63.08,27.67,35.6,69,9,11.41
146,Pondicherry,IN,2020-04-18 23:06:36,11.93,79.83,81.59,82,25,6.98
147,Pisco,PE,2020-04-18 22:58:14,-13.7,-76.22,73.4,69,17,17.22
148,Vila Velha,BR,2020-04-18 22:55:19,-20.33,-40.29,75.2,73,75,9.17
149,Port Lincoln,AU,2020-04-18 23:06:36,-34.73,135.87,62.51,63,63,16.31
150,Porbandar,IN,2020-04-18 23:06:36,21.64,69.61,79.11,76,29,13.27
151,Manjakandriana,MG,2020-04-18 23:06:37,-18.92,47.8,62.6,88,75,4.7
152,Tuktoyaktuk,CA,2020-04-18 22:57:40,69.45,-133.04,10.4,78,75,9.17
153,Kavaratti,IN,2020-04-18 23:02:48,10.57,72.64,83.97,73,3,6.67
154,Santo Domingo,DO,2020-04-18 23:05:28,18.5,-69.99,82.0,93,14,3.76
155,Guilin,CN,2020-04-18 23:06:38,25.28,110.29,68.0,100,75,2.24
156,Geraldton,AU,2020-04-18 22:57:33,-28.77,114.6,66.0,88,97,2.24
157,Dalbandin,PK,2020-04-18 23:06:38,28.89,64.41,70.9,25,46,4.83
158,Sitka,US,2020-04-18 22:57:21,57.05,-135.33,48.2,81,40,4.7
159,Korla,CN,2020-04-18 23:06:38,41.76,86.15,57.97,36,99,9.57
160,San Quintin,MX,2020-04-18 23:04:13,30.48,-115.95,62.28,67,0,19.28
161,Anchorage,US,2020-04-18 22:52:27,61.22,-149.9,50.0,66,90,5.82
162,Akureyri,IS,2020-04-18 23:04:12,65.68,-18.09,44.6,75,75,33.33
163,Satipo,PE,2020-04-18 23:06:39,-11.25,-74.64,72.61,47,55,1.25
164,San Vicente,AR,2020-04-18 22:57:30,-26.62,-54.13,59.9,63,0,1.86
165,Russell,US,2020-04-18 22:57:40,32.35,-85.2,78.8,36,1,8.05
166,Canelli,IT,2020-04-18 23:06:40,44.72,8.29,57.0,78,76,1.01
167,Gizo,SB,2020-04-18 23:04:09,-8.1,156.84,86.07,65,44,2.35
168,Zhigansk,RU,2020-04-18 23:03:06,66.77,123.37,6.84,93,78,12.3
169,Bambous Virieux,MU,2020-04-18 23:03:10,-20.34,57.76,78.01,78,75,12.75
170,Albanel,CA,2020-04-18 23:03:17,48.88,-72.45,44.6,30,20,14.99
171,Iroquois Falls,CA,2020-04-18 23:06:41,48.77,-80.68,44.6,39,90,18.34
172,Amurzet,RU,2020-04-18 23:06:41,47.7,131.1,57.24,41,66,7.45
173,Zhoucheng,CN,2020-04-18 23:05:06,35.91,116.31,52.02,83,100,4.88
174,Nioki,CD,2020-04-18 23:06:42,-2.72,17.68,73.27,87,100,1.43
175,Half Moon Bay,US,2020-04-18 23:06:42,37.46,-122.43,66.0,72,90,9.17
176,Brae,GB,2020-04-18 23:06:42,60.4,-1.35,42.8,93,0,2.24
177,Mason,US,2020-04-18 23:06:42,39.36,-84.31,55.99,46,1,10.29
178,Ippy,CF,2020-04-18 23:06:43,6.27,21.22,73.56,72,59,3.91
179,Carnarvon,AU,2020-04-18 22:56:44,-24.87,113.63,71.6,88,72,8.05
180,Margate,GB,2020-04-18 23:00:32,51.38,1.39,46.99,91,19,1.99
181,Bay Roberts,CA,2020-04-18 23:02:13,47.6,-53.26,34.0,60,11,6.96
182,Kavieng,PG,2020-04-18 23:03:47,-2.57,150.8,82.99,74,93,4.9
183,Vaini,TO,2020-04-18 23:06:44,-21.2,-175.2,80.6,74,40,11.41
184,Saskylakh,RU,2020-04-18 22:54:29,71.92,114.08,14.07,85,0,5.01
185,Tchollire,CM,2020-04-18 23:06:44,8.4,14.17,84.04,39,92,4.72
186,Magistralnyy,RU,2020-04-18 23:06:45,56.17,107.45,21.25,86,72,13.96
187,Ucluelet,CA,2020-04-18 22:58:30,48.93,-125.55,55.0,76,40,9.17
188,Bahia Blanca,AR,2020-04-18 23:06:24,-38.72,-62.27,71.19,36,81,18.03
189,Celestun,MX,2020-04-18 23:04:14,20.87,-90.4,82.96,74,30,16.84
190,San Patricio,MX,2020-04-18 23:03:22,19.22,-104.7,80.6,83,20,13.87
191,Kyabe,TD,2020-04-18 23:06:46,9.45,18.94,85.35,39,76,7.0
192,Am Timan,TD,2020-04-18 23:06:46,11.03,20.28,80.4,12,29,4.07
193,Gazojak,TM,2020-04-18 23:06:46,41.19,61.4,64.54,30,0,10.04
194,Tabas,IR,2020-04-18 23:02:04,33.6,56.92,68.0,37,73,2.24
195,Lagoa,PT,2020-04-18 22:54:30,39.05,-27.98,62.22,84,100,17.72
196,Octeville,FR,2020-04-18 23:06:47,49.63,-1.64,52.0,100,20,6.93
197,Bouna,CI,2020-04-18 23:06:47,9.27,-3.0,81.9,63,60,9.06
198,Hami,CN,2020-04-18 23:02:47,42.8,93.45,61.09,22,96,8.79
199,Stephanskirchen,DE,2020-04-18 23:06:48,47.86,12.15,57.0,68,100,1.99
200,Basco,PH,2020-04-18 22:58:10,20.45,121.97,79.11,87,91,17.98
201,Tupelo,US,2020-04-18 23:05:47,34.26,-88.7,64.4,39,1,0.49
202,Ulladulla,AU,2020-04-18 22:57:28,-35.35,150.47,55.4,82,75,10.29
203,Kashi,CN,2020-04-18 23:06:49,39.45,75.98,51.8,66,40,4.47
204,Katsuura,JP,2020-04-18 22:55:25,35.13,140.3,64.99,53,5,3.0
205,Beringovskiy,RU,2020-04-18 23:03:15,63.05,179.32,21.25,97,100,16.64
206,Huilong,CN,2020-04-18 23:03:38,31.81,121.66,54.27,95,100,14.7
207,Ixtapa,MX,2020-04-18 23:06:49,20.7,-105.2,78.8,69,90,16.11
208,Gonaives,HT,2020-04-18 23:06:50,19.45,-72.68,80.24,72,39,3.0
209,Georgetown,MY,2020-04-18 23:02:48,5.41,100.34,80.6,94,40,3.36
210,Komsomolskiy,UZ,2020-04-18 23:03:25,40.43,71.72,55.4,58,4,6.93
211,Talcahuano,CL,2020-04-18 23:06:50,-36.72,-73.12,60.8,93,75,9.17
212,Necochea,AR,2020-04-18 22:58:01,-38.55,-58.74,66.0,59,25,15.01
213,Odweyne,SO,2020-04-18 23:06:51,9.41,45.06,75.24,51,94,7.76
214,Kastamonu,TR,2020-04-18 23:06:51,41.5,33.67,44.35,44,0,2.82
215,Shimoda,JP,2020-04-18 22:57:31,34.67,138.95,63.0,63,0,3.0
216,Pathein,MM,2020-04-18 23:06:51,16.78,94.73,76.91,84,0,6.67
217,Ambon,ID,2020-04-18 23:06:52,-3.7,128.18,78.8,88,40,6.93
218,Okhotsk,RU,2020-04-18 23:06:52,59.38,143.3,15.06,84,0,13.6
219,Taksimo,RU,2020-04-18 22:56:27,56.34,114.88,17.55,77,83,7.2
220,Matara,LK,2020-04-18 23:06:52,5.95,80.54,78.01,87,7,4.43
221,Sungairaya,ID,2020-04-18 23:06:53,0.7,108.9,77.36,82,100,4.21
222,Kamaishi,JP,2020-04-18 23:06:53,39.27,141.88,50.0,66,75,25.28
223,Tasiilaq,GL,2020-04-18 22:55:26,65.61,-37.64,32.0,95,99,16.11
224,Sao Filipe,CV,2020-04-18 23:06:53,14.9,-24.5,71.13,72,28,19.19
225,Tuatapere,NZ,2020-04-18 22:57:59,-46.13,167.68,52.0,77,47,8.99
226,Cururupu,BR,2020-04-18 23:03:17,-1.83,-44.87,77.14,89,96,2.89
227,Touros,BR,2020-04-18 23:06:54,-5.2,-35.46,82.4,83,75,3.36
228,Grindavik,IS,2020-04-18 23:02:57,63.84,-22.43,35.6,100,90,6.93
229,Puerto Baquerizo Moreno,EC,2020-04-18 23:05:11,-0.9,-89.6,78.48,84,24,10.98
230,San Fernando,PH,2020-04-18 23:06:55,15.03,120.69,81.0,88,75,4.7
231,Goderich,CA,2020-04-18 23:06:55,43.75,-81.72,53.01,49,40,16.96
232,Otane,NZ,2020-04-18 23:06:55,-39.88,176.63,61.0,69,51,21.99
233,Miandrivazo,MG,2020-04-18 23:06:07,-19.52,45.47,75.92,66,26,2.8
234,Bara,NG,2020-04-18 23:06:56,10.37,10.73,83.55,12,86,4.07
235,Victoria,HK,2020-04-18 23:00:33,22.29,114.16,75.0,88,43,5.99
236,Lucapa,AO,2020-04-18 23:06:56,-8.42,20.74,64.11,75,85,2.98
237,Talnakh,RU,2020-04-18 22:56:16,69.49,88.4,35.6,80,100,33.55
238,Klaksvik,FO,2020-04-18 22:57:33,62.23,-6.59,41.0,86,0,11.41
239,Upernavik,GL,2020-04-18 22:56:58,72.79,-56.15,22.95,90,99,14.5
240,Fort Nelson,CA,2020-04-18 22:58:21,58.81,-122.7,60.8,25,40,18.34
241,Zhanaozen,KZ,2020-04-18 23:06:58,43.3,52.8,57.06,48,72,5.59
242,Uruana,BR,2020-04-18 23:06:58,-15.5,-49.69,69.76,78,97,0.89
243,Saint George,US,2020-04-18 23:02:50,37.1,-113.58,70.0,26,40,12.75
244,Nieuw Amsterdam,SR,2020-04-18 22:57:00,5.88,-55.08,82.4,78,20,8.05
245,Stokmarknes,NO,2020-04-18 23:06:58,68.56,14.91,39.99,86,99,6.87
246,Kalianget,ID,2020-04-18 23:06:59,-7.05,113.93,82.69,75,70,2.84
247,Bartica,GY,2020-04-18 23:06:59,6.4,-58.62,82.4,78,20,11.41
248,Kiunga,PG,2020-04-18 23:06:59,-6.12,141.29,78.48,88,99,0.47
249,Togul,RU,2020-04-18 23:06:59,53.47,85.91,37.83,72,0,7.7
250,Kincardine,GB,2020-04-18 23:06:59,56.07,-3.72,41.0,87,0,1.01
251,Kirakira,SB,2020-04-18 23:06:14,-10.45,161.92,85.03,67,99,1.3
252,Zhurivka,UA,2020-04-18 23:07:00,50.5,31.78,35.6,59,97,2.24
253,Rzhaksa,RU,2020-04-18 23:07:00,52.13,42.03,34.39,81,18,7.23
254,Presidencia Roque Saenz Pena,AR,2020-04-18 23:07:00,-26.79,-60.44,66.11,57,0,4.12
255,Laguna,US,2020-04-18 23:03:03,38.42,-121.42,70.0,48,1,10.29
256,Takoradi,GH,2020-04-18 23:04:31,4.88,-1.76,80.42,86,47,7.07
257,Manaquiri,BR,2020-04-18 23:07:01,-3.32,-60.35,77.0,88,75,3.36
258,Kirovskiy,RU,2020-04-18 23:07:01,45.09,133.51,55.45,49,1,5.99
259,Lompoc,US,2020-04-18 22:57:38,34.64,-120.46,60.8,59,90,14.99
260,Guangyuan,CN,2020-04-18 23:07:02,32.44,105.82,39.99,85,17,3.69
261,Neyshabur,IR,2020-04-18 23:07:02,36.21,58.8,53.02,39,38,5.3
262,Buala,SB,2020-04-18 23:03:35,-8.14,159.59,83.89,71,72,2.86
263,Port Hedland,AU,2020-04-18 23:07:02,-20.32,118.57,75.2,100,85,4.7
264,Nefteyugansk,RU,2020-04-18 23:07:02,61.1,72.6,48.2,61,89,8.95
265,Tuy Hoa,VN,2020-04-18 23:07:03,13.08,109.3,79.38,79,89,4.36
266,Altea,ES,2020-04-18 23:07:03,38.6,-0.05,59.0,96,100,14.0
267,Boende,CD,2020-04-18 23:07:03,-0.22,20.87,71.22,86,98,1.86
268,Kikwit,CD,2020-04-18 23:04:19,-5.04,18.82,71.33,81,97,2.37
269,Dunedin,NZ,2020-04-18 22:59:49,-45.87,170.5,59.0,51,72,1.01
270,Port-Cartier,CA,2020-04-18 23:01:00,50.03,-66.87,33.01,95,75,13.87
271,Skeldon,GY,2020-04-18 23:07:04,5.88,-57.13,79.3,84,37,9.57
272,Cherskiy,RU,2020-04-18 23:07:04,68.75,161.3,7.32,88,22,8.97
273,Ambilobe,MG,2020-04-18 23:05:17,-13.2,49.05,70.66,84,40,4.03
274,Victor Harbor,AU,2020-04-18 22:58:04,-35.57,138.62,55.0,100,59,6.78
275,Hervey Bay,AU,2020-04-18 22:57:24,-25.3,152.85,75.0,94,75,6.11
276,Seoul,KR,2020-04-18 23:02:17,37.57,126.98,55.4,71,90,7.0
277,Ayan,RU,2020-04-18 23:07:05,56.45,138.17,19.2,83,97,7.11
278,Pangoa,PE,2020-04-18 23:07:05,-12.12,-73.0,68.22,64,5,1.28
279,Birpur,IN,2020-04-18 23:07:06,26.52,87.02,77.23,51,16,9.08
280,Kaeo,NZ,2020-04-18 23:04:23,-35.1,173.78,68.0,93,91,5.01
281,Lorengau,PG,2020-04-18 23:00:36,-2.02,147.27,84.83,69,10,2.62
282,Ponta Delgada,PT,2020-04-18 23:01:09,37.73,-25.67,62.6,93,75,14.99
283,Ostersund,SE,2020-04-18 23:05:17,63.18,14.64,36.0,80,7,11.41
284,Ostrovnoy,RU,2020-04-18 23:03:25,68.05,39.51,31.75,98,98,9.89
285,Parakai,NZ,2020-04-18 23:07:08,-36.65,174.43,66.99,87,91,4.0
286,Tual,ID,2020-04-18 23:07:08,-5.67,132.75,84.04,75,98,8.05
287,Sicamous,CA,2020-04-18 23:04:20,50.83,-118.99,55.17,54,62,4.07
288,Narrabri,AU,2020-04-18 23:07:08,-30.32,149.78,57.0,71,0,4.7
289,Oksbol,DK,2020-04-18 23:07:08,55.63,8.29,39.2,64,0,5.82
290,Bethel,US,2020-04-18 22:55:12,41.37,-73.41,42.8,82,90,12.75
291,New Haven,US,2020-04-18 23:03:28,41.31,-72.93,44.01,86,75,8.99
292,Pustoshka,RU,2020-04-18 23:07:09,56.34,29.37,34.05,85,100,9.37
293,Hohhot,CN,2020-04-18 23:07:09,40.81,111.65,42.8,87,20,8.95
294,Ahipara,NZ,2020-04-18 22:59:08,-35.17,173.17,67.3,74,91,9.64
295,Vao,NC,2020-04-18 23:07:10,-22.67,167.48,76.46,68,48,9.55
296,Nuevo Progreso,MX,2020-04-18 23:07:10,23.17,-97.95,84.0,65,57,5.01
297,Yuci,CN,2020-04-18 23:07:10,37.68,112.73,44.6,87,40,4.47
298,Port-Gentil,GA,2020-04-18 23:03:46,-0.72,8.78,81.61,85,66,10.07
299,Esil,KZ,2020-04-18 23:07:11,51.96,66.4,49.3,70,98,9.57
300,Carutapera,BR,2020-04-18 23:03:04,-1.2,-46.02,79.18,84,91,5.48
301,Pasaco,GT,2020-04-18 23:07:11,13.98,-90.21,96.8,20,40,2.24
302,Cabedelo,BR,2020-04-18 23:07:11,-6.98,-34.83,80.6,88,20,4.18
303,Opuwo,NA,2020-04-18 23:07:12,-18.06,13.84,70.02,42,58,5.17
304,Wanaka,NZ,2020-04-18 23:05:08,-44.7,169.15,47.59,62,84,8.23
305,Suda,RU,2020-04-18 23:07:12,59.15,37.56,29.77,97,70,3.22
306,Nouadhibou,MR,2020-04-18 22:54:12,20.93,-17.03,68.0,77,0,14.99
307,Pemberton,CA,2020-04-18 23:04:32,50.32,-122.8,59.0,41,90,3.36
308,Xiashi,CN,2020-04-18 23:07:13,30.54,120.69,61.0,99,100,4.05
309,Mattru,SL,2020-04-18 23:07:14,7.62,-11.83,76.95,83,88,3.04
310,Lavumisa,SZ,2020-04-18 23:07:14,-27.31,31.89,71.6,83,100,2.24
311,Krasnogvardeyskoye,RU,2020-04-18 23:07:14,45.85,41.52,49.57,71,97,3.15
312,Tura,IN,2020-04-18 23:07:14,25.52,90.22,65.77,79,12,1.36
313,Fortuna,US,2020-04-18 23:02:58,40.6,-124.16,57.99,76,90,3.36
314,Ipameri,BR,2020-04-18 23:07:15,-17.72,-48.16,67.66,78,100,4.03
315,Oranjemund,NA,2020-04-18 23:07:15,-28.55,16.43,56.84,82,9,2.04
316,Bathsheba,BB,2020-04-18 22:55:09,13.22,-59.52,80.6,69,20,16.11
317,Pangnirtung,CA,2020-04-18 22:56:08,66.15,-65.71,3.31,85,97,4.18
318,Burns Lake,CA,2020-04-18 23:07:15,54.23,-125.75,55.56,34,18,3.56
319,Foam Lake,CA,2020-04-18 23:07:16,51.65,-103.53,25.36,90,88,11.14
320,Quelimane,MZ,2020-04-18 22:55:04,-17.88,36.89,78.8,88,75,5.82
321,Sur,OM,2020-04-18 23:07:16,22.57,59.53,81.27,55,19,8.14
322,Marsabit,KE,2020-04-18 23:04:27,2.33,37.99,66.63,69,100,5.32
323,Adrar,MR,2020-04-18 23:00:14,20.5,-10.07,74.77,35,80,10.36
324,Hambantota,LK,2020-04-18 23:04:39,6.12,81.12,80.44,83,24,5.95
325,Lafia,NG,2020-04-18 23:07:17,8.48,8.52,84.2,61,49,4.74
326,Semey,KZ,2020-04-18 23:07:17,50.41,80.23,37.4,74,0,2.01
327,Bitung,ID,2020-04-18 23:07:17,1.45,125.18,75.2,100,20,1.12
328,Waddan,LY,2020-04-18 23:00:55,29.16,16.14,67.15,32,9,11.43
329,Raton,US,2020-04-18 23:07:18,36.9,-104.44,66.2,11,20,24.16
330,Antofagasta,CL,2020-04-18 22:57:58,-23.65,-70.4,64.4,72,40,13.87
331,Thai Binh,VN,2020-04-18 23:05:25,20.45,106.33,77.0,94,95,4.7
332,Nuuk,GL,2020-04-18 23:00:36,64.18,-51.72,28.4,54,97,20.8
333,Vilhena,BR,2020-04-18 23:07:19,-12.74,-60.15,77.0,78,74,2.24
334,Kovdor,RU,2020-04-18 23:07:19,67.57,30.48,28.99,97,57,4.38
335,Raduzhnyy,RU,2020-04-18 23:07:19,62.1,77.47,47.64,83,100,15.9
336,Port Pirie,AU,2020-04-18 23:07:20,-33.18,138.02,51.8,93,25,3.36
337,Richards Bay,ZA,2020-04-18 23:04:09,-28.78,32.04,72.46,79,40,8.46
338,Suntar,RU,2020-04-18 23:07:20,62.14,117.63,16.07,90,95,6.62
339,Port Hardy,CA,2020-04-18 22:57:23,50.7,-127.42,51.8,81,20,5.82
340,Shenjiamen,CN,2020-04-18 23:07:21,29.96,122.3,60.33,97,100,15.3
341,Krasnyy Kholm,RU,2020-04-18 23:07:21,58.06,37.12,32.25,90,97,2.77
342,Melchor De Mencos,GT,2020-04-18 23:07:22,17.07,-89.15,98.6,39,40,6.93
343,Samarai,PG,2020-04-18 23:07:22,-10.62,150.67,84.61,69,97,2.93
344,Schwanewede,DE,2020-04-18 23:07:22,53.23,8.6,46.99,50,0,1.99
345,Alikalia,SL,2020-04-18 23:07:22,9.17,-11.4,73.49,80,99,4.85
346,Lucea,JM,2020-04-18 23:07:23,18.45,-78.17,84.2,74,20,16.11
347,Saint-Augustin,CA,2020-04-18 23:03:39,51.23,-58.65,24.73,92,33,13.33
348,Vallenar,CL,2020-04-18 23:02:32,-28.57,-70.76,63.28,59,4,0.92
349,Ulaangom,MN,2020-04-18 23:07:23,49.98,92.07,34.77,49,0,2.26
350,Agadez,NE,2020-04-18 23:07:23,19.75,10.25,81.91,12,0,8.37
351,Srednekolymsk,RU,2020-04-18 23:07:23,67.45,153.68,2.23,89,81,11.12
352,Hailey,US,2020-04-18 23:07:24,43.52,-114.32,57.2,28,5,13.87
353,Saint-Pierre,RE,2020-04-18 23:07:25,-21.34,55.48,77.0,83,20,19.46
354,Haines Junction,CA,2020-04-18 23:07:25,60.75,-137.51,50.52,39,6,1.19
355,Antalaha,MG,2020-04-18 23:07:25,-14.9,50.28,75.45,82,58,12.66
356,Batticaloa,LK,2020-04-18 23:07:25,7.71,81.69,80.17,82,53,4.72
357,Los Llanos De Aridane,ES,2020-04-18 22:58:13,28.66,-17.92,66.2,68,5,19.46
358,Guerrero Negro,MX,2020-04-18 23:03:21,27.98,-114.06,63.79,61,0,21.18
359,Athabasca,CA,2020-04-18 23:04:06,54.72,-113.29,43.59,50,35,7.36
360,Khani,GE,2020-04-18 23:07:26,41.96,42.96,48.2,93,40,2.24
361,Dharchula,IN,2020-04-18 23:07:27,29.85,80.53,55.58,26,19,8.55
362,Churapcha,RU,2020-04-18 23:07:27,62.0,132.43,12.7,84,0,6.73
363,Balaipungut,ID,2020-04-18 23:03:43,1.05,101.28,75.2,94,40,2.01
364,Grand Gaube,MU,2020-04-18 23:03:55,-20.01,57.66,78.01,78,75,12.75
365,Moose Factory,CA,2020-04-18 23:03:31,51.26,-80.61,41.0,80,90,14.99
366,Masuda,JP,2020-04-18 23:07:28,34.67,131.85,57.0,71,40,4.7
367,Hueyapan,MX,2020-04-18 23:07:28,18.87,-98.67,95.0,21,20,10.29
368,Pundaguitan,PH,2020-04-18 23:07:28,6.37,126.17,82.11,80,78,13.87
369,Korsakov,RU,2020-04-18 23:07:29,46.63,142.78,33.8,86,75,20.13
370,Rach Gia,VN,2020-04-18 23:07:29,10.02,105.08,81.16,81,67,9.8
371,Nyrob,RU,2020-04-18 23:07:29,60.73,56.72,34.25,92,99,6.53
372,Gazanjyk,TM,2020-04-18 23:07:29,39.24,55.52,66.31,42,0,5.61
373,Ngunguru,NZ,2020-04-18 23:07:30,-35.62,174.5,68.0,89,92,1.01
374,Aksarka,RU,2020-04-18 23:00:36,66.56,67.8,32.41,96,100,4.74
375,Nalut,LY,2020-04-18 23:02:06,30.33,10.85,75.79,20,42,23.44
376,Omboue,GA,2020-04-18 23:05:19,-1.57,9.26,79.25,87,96,4.54
377,Bengkulu,ID,2020-04-18 23:01:02,-3.8,102.27,77.59,83,87,3.89
378,Leningradskiy,RU,2020-04-18 22:58:05,69.38,178.42,5.61,88,4,8.75
379,Olga,RU,2020-04-18 23:07:31,43.74,135.29,47.12,54,7,4.29
380,Severo-Kurilsk,RU,2020-04-18 23:07:22,50.68,156.12,34.54,89,22,13.94
381,Swift Current,CA,2020-04-18 23:07:32,50.28,-107.8,37.4,47,90,17.22
382,Saint-Philippe,RE,2020-04-18 23:02:41,-21.36,55.77,77.0,83,20,19.46
383,Velingara,SN,2020-04-18 23:07:32,13.15,-14.12,81.36,23,89,8.72
384,Maracaju,BR,2020-04-18 23:07:32,-21.61,-55.17,66.85,62,11,4.14
385,Virginia Beach,US,2020-04-18 23:05:01,36.85,-75.98,57.99,50,20,13.87
386,Manado,ID,2020-04-18 23:02:55,1.49,124.85,75.2,100,20,1.12
387,Oros,BR,2020-04-18 23:07:20,-6.24,-38.91,75.15,84,100,2.26
388,Hofn,IS,2020-04-18 23:07:33,64.25,-15.21,45.46,88,99,14.67
389,Eureka,US,2020-04-18 23:07:33,40.8,-124.16,55.99,72,95,5.01
390,Thunder Bay,CA,2020-04-18 23:07:33,48.4,-89.32,50.0,37,75,12.75
391,Salinopolis,BR,2020-04-18 23:07:34,-0.61,-47.36,80.83,81,99,6.22
392,Ormara,PK,2020-04-18 23:07:34,25.21,64.64,76.37,86,55,10.27
393,Tagusao,PH,2020-04-18 23:04:16,9.19,117.81,84.36,66,23,4.94
394,Vostok,RU,2020-04-18 23:03:37,46.49,135.88,51.31,41,21,4.83
395,Yanliang,CN,2020-04-18 23:07:34,34.66,109.23,44.6,93,3,2.24
396,Hulyaypole,UA,2020-04-18 23:07:35,47.67,36.26,42.96,58,94,3.09
397,Diamantino,BR,2020-04-18 23:07:35,-14.41,-56.45,71.51,83,84,2.39
398,Methoni,GR,2020-04-18 23:07:35,36.82,21.7,60.01,93,0,4.7
399,Zlitan,LY,2020-04-18 23:07:35,32.47,14.57,65.28,62,17,9.13
400,Mount Gambier,AU,2020-04-18 23:02:59,-37.83,140.77,48.2,100,90,5.82
401,Chicama,PE,2020-04-18 23:07:36,-7.84,-79.15,73.71,71,8,6.64
402,Xichang,CN,2020-04-18 23:07:36,27.9,102.26,62.85,37,16,1.14
403,Ilulissat,GL,2020-04-18 23:07:36,69.22,-51.1,24.8,79,100,5.82
404,Vanavara,RU,2020-04-18 23:03:31,60.34,102.28,20.89,88,0,3.89
405,Boa Vista,BR,2020-04-18 22:55:09,2.82,-60.67,89.6,49,75,9.17
406,Rypefjord,NO,2020-04-18 23:07:37,70.63,23.67,37.4,93,98,19.46
407,Independence,US,2020-04-18 23:02:45,39.09,-94.42,63.0,33,1,17.22
408,Olafsvik,IS,2020-04-18 22:58:08,64.89,-23.71,35.06,85,100,2.91
409,Vila Franca Do Campo,PT,2020-04-18 22:59:55,37.72,-25.43,62.6,93,75,14.99
410,Hofgeismar,DE,2020-04-18 23:07:38,51.48,9.4,48.99,83,100,6.6
411,Gambo,CF,2020-04-18 23:07:38,4.65,22.26,71.85,83,71,3.27
412,Coihaique,CL,2020-04-18 22:58:16,-45.58,-72.07,46.4,87,90,6.93
413,Biak,ID,2020-04-18 23:05:51,-0.91,122.88,81.5,73,9,1.9
414,Angoche,MZ,2020-04-18 23:07:39,-16.23,39.91,76.37,86,3,7.4
415,Ekhabi,RU,2020-04-18 23:03:55,53.51,142.97,26.02,87,56,2.26
416,Kathu,TH,2020-04-18 23:07:39,7.92,98.33,77.0,94,20,4.7
417,Broken Hill,AU,2020-04-18 23:02:38,-31.95,141.43,55.4,54,6,6.06
418,Yalutorovsk,RU,2020-04-18 23:07:40,56.65,66.3,40.19,85,94,5.08
419,Williams Lake,CA,2020-04-18 23:07:40,52.14,-122.14,51.8,40,40,5.82
420,Waipawa,NZ,2020-04-18 23:03:54,-41.41,175.52,64.4,55,2,24.16
421,Bloomington,US,2020-04-18 23:07:40,44.84,-93.3,62.01,43,93,5.99
422,Canazas,PA,2020-04-18 23:07:40,8.32,-81.22,77.5,66,31,3.94
423,El Viejo,NI,2020-04-18 23:07:41,12.66,-87.17,95.0,50,20,4.7
424,Sarangani,PH,2020-04-18 23:07:41,5.4,125.46,83.73,75,10,14.29
425,Puerto Varas,CL,2020-04-18 23:07:41,-41.32,-72.99,57.2,82,90,12.75
426,Macedo De Cavaleiros,PT,2020-04-18 23:07:41,41.54,-6.96,48.0,99,79,2.64
427,Micheweni,TZ,2020-04-18 23:07:42,-4.97,39.83,79.32,89,100,20.69
428,Harper,LR,2020-04-18 23:07:42,4.38,-7.72,80.13,84,100,9.17
429,Susanville,US,2020-04-18 23:05:25,40.42,-120.65,62.6,29,20,21.92
430,Hasaki,JP,2020-04-18 23:07:42,35.73,140.83,61.0,58,20,9.17
431,South Ogden,US,2020-04-18 23:05:01,41.19,-111.97,60.8,21,1,6.93
432,Calabozo,VE,2020-04-18 23:07:43,8.92,-67.43,90.57,35,80,2.68
433,Pemba,MZ,2020-04-18 23:03:48,-12.97,40.52,76.48,88,67,13.47
434,Kemijarvi,FI,2020-04-18 23:07:43,66.71,27.43,26.28,96,25,5.7
435,Zhangye,CN,2020-04-18 23:07:43,38.93,100.45,55.02,21,71,2.19
436,Talakan,RU,2020-04-18 23:07:43,50.32,130.37,56.8,33,100,15.35
437,Cockburn Town,TC,2020-04-18 23:03:18,21.46,-71.14,78.58,82,32,15.01
438,Coos Bay,US,2020-04-18 23:07:44,43.37,-124.22,62.01,81,90,8.05
439,Rexburg,US,2020-04-18 23:04:36,43.83,-111.79,59.0,20,1,5.82
440,Dongsheng,CN,2020-04-18 23:07:44,39.82,109.98,43.23,47,8,15.57
441,Muhos,FI,2020-04-18 22:57:45,64.81,25.99,33.8,86,20,6.93
442,Uyuni,BO,2020-04-18 23:07:45,-20.46,-66.83,49.66,13,40,2.68
443,Samarinda,ID,2020-04-18 23:07:45,-0.5,117.15,78.08,91,100,2.21
444,Barcelos,PT,2020-04-18 23:04:20,41.54,-8.62,55.99,93,1,2.24
445,Gryazi,RU,2020-04-18 23:07:45,52.5,39.94,30.2,80,46,6.71
446,Maceio,BR,2020-04-18 23:03:33,-9.67,-35.74,80.6,88,75,4.7
447,Sajanan,TN,2020-04-18 23:07:46,37.06,9.24,73.4,56,20,1.12
448,Alice Springs,AU,2020-04-18 23:07:46,-23.7,133.88,66.2,45,20,5.82
449,Billerbeck,DE,2020-04-18 23:07:46,51.97,7.3,55.99,91,91,9.78
450,Karnobat,BG,2020-04-18 23:07:47,42.65,26.98,51.8,76,38,3.36
451,Pochutla,MX,2020-04-18 23:02:53,15.74,-96.47,88.0,58,20,17.22
452,Zhuhai,CN,2020-04-18 23:07:47,22.28,113.57,75.2,100,40,6.93
453,Marsa Matruh,EG,2020-04-18 23:07:48,31.35,27.25,60.8,77,20,5.82
454,Praia,CV,2020-04-18 23:06:08,14.92,-23.51,73.4,60,40,21.92
455,Fairbanks,US,2020-04-18 23:01:18,64.84,-147.72,43.0,100,90,3.36
456,Salta,AR,2020-04-18 23:07:48,-24.79,-65.41,69.8,63,20,8.05
457,Kushima,JP,2020-04-18 23:04:33,31.46,131.23,53.6,87,75,4.7
458,Alyangula,AU,2020-04-18 23:07:49,-13.85,136.42,75.2,94,54,5.97
459,Abilene,US,2020-04-18 23:07:49,32.45,-99.73,64.99,63,90,11.41
460,Garowe,SO,2020-04-18 23:07:49,8.41,48.48,75.47,71,68,9.86
461,Sioux Lookout,CA,2020-04-18 23:00:48,50.1,-91.92,35.6,55,90,12.75
462,Matinha,BR,2020-04-18 23:07:50,-3.1,-45.03,75.06,95,100,2.21
463,Huarmey,PE,2020-04-18 23:07:50,-10.07,-78.15,72.61,76,36,7.9
464,Novaya Malykla,RU,2020-04-18 23:07:50,54.2,49.95,34.48,85,8,6.51
465,Businga,CD,2020-04-18 23:03:53,3.33,20.88,70.2,82,68,1.57
466,Melfi,IT,2020-04-18 23:07:50,41.0,15.65,59.0,44,75,5.82
467,Kingman,US,2020-04-18 23:04:13,35.19,-114.05,72.0,29,75,12.75
468,Nelson Bay,AU,2020-04-18 23:07:51,-32.72,152.15,64.0,76,11,5.82
469,Mudkhed,IN,2020-04-18 23:07:51,19.17,77.52,82.02,27,28,2.04
470,Moussoro,TD,2020-04-18 23:07:51,13.64,16.49,81.97,13,14,12.39
471,Faanui,PF,2020-04-18 23:03:22,-16.48,-151.75,82.78,74,25,10.63
472,Beira,MZ,2020-04-18 23:07:52,-19.84,34.84,80.6,69,40,18.34
473,Bilma,NE,2020-04-18 23:00:47,18.69,12.92,82.65,13,10,6.73
474,Yerbogachen,RU,2020-04-18 23:07:52,61.28,108.01,15.58,87,35,7.18
475,Imbituba,BR,2020-04-18 23:05:13,-28.24,-48.67,69.8,73,40,5.82
476,Shaunavon,CA,2020-04-18 23:07:53,49.65,-108.42,38.19,47,99,11.92
477,Meridian,US,2020-04-18 23:05:53,43.61,-116.39,68.0,19,1,9.17
478,Morant Bay,JM,2020-04-18 23:07:54,17.88,-76.41,84.2,70,40,18.34
479,Hobyo,SO,2020-04-18 22:55:55,5.35,48.53,83.7,74,89,10.13
480,Mehamn,NO,2020-04-18 23:03:00,71.04,27.85,33.3,93,39,4.99
481,Shediac,CA,2020-04-18 23:07:54,46.22,-64.54,41.0,41,40,9.17
482,Cidreira,BR,2020-04-18 23:07:55,-30.18,-50.21,67.82,81,0,12.93
483,Bichena,ET,2020-04-18 23:07:55,10.45,38.2,56.62,34,100,0.31
484,North Adams,US,2020-04-18 23:07:55,42.7,-73.11,43.0,56,90,8.05
485,Yuzhnyy,RU,2020-04-18 23:07:55,53.25,83.69,41.0,38,0,6.71
486,Erenhot,CN,2020-04-18 23:07:56,43.65,111.98,44.96,60,76,7.65
487,Neiafu,TO,2020-04-18 23:07:56,-18.65,-173.98,84.2,74,75,12.75
488,Novyy Yarychiv,UA,2020-04-18 23:07:56,49.9,24.31,42.8,38,77,4.47
489,Quibdo,CO,2020-04-18 23:07:56,5.69,-76.66,80.6,78,75,0.78
490,Iracoubo,GF,2020-04-18 23:07:57,5.48,-53.2,79.92,83,75,9.69
491,Altoona,US,2020-04-18 23:07:57,40.52,-78.39,48.0,49,12,1.99
492,San Policarpo,PH,2020-04-18 23:07:57,12.18,125.51,82.92,74,16,12.86
493,Never,FR,2020-04-18 23:07:57,46.99,3.16,54.0,87,93,2.28
494,Oussouye,SN,2020-04-18 23:07:57,12.48,-16.55,78.8,73,54,13.87
495,Sola,VU,2020-04-18 23:04:20,-13.88,167.55,83.26,77,67,11.14
496,Lusambo,CD,2020-04-18 23:07:58,-4.97,23.45,70.38,80,97,1.57
497,Beloha,MG,2020-04-18 23:07:58,-25.17,45.05,70.66,83,6,12.28
498,Ewa Beach,US,2020-04-18 23:03:06,21.32,-158.01,80.6,51,75,4.7
499,Yerofey Pavlovich,RU,2020-04-18 23:07:59,53.97,121.97,22.21,83,100,10.89
500,Hebi,CN,2020-04-18 23:07:59,35.9,114.19,54.54,69,96,3.36
501,Ko Samui,TH,2020-04-18 23:07:59,9.54,99.94,84.2,79,20,8.05
502,Rapid Valley,US,2020-04-18 23:07:59,44.06,-103.15,59.0,51,90,26.4
503,Bantou,CN,2020-04-18 23:07:59,26.22,117.49,72.23,78,92,3.74
504,Manta,EC,2020-04-18 23:03:01,-0.95,-80.73,77.02,81,56,4.63
505,Zambezi,ZM,2020-04-18 23:08:00,-13.54,23.1,64.71,64,89,4.88
506,Tezu,IN,2020-04-18 23:08:00,27.92,96.17,68.9,69,78,1.88
507,Empalme,MX,2020-04-18 23:08:00,27.97,-110.82,86.0,34,5,17.22
508,Jaragua,BR,2020-04-18 23:08:00,-15.76,-49.33,70.11,77,100,1.39
509,Saint-Joseph,RE,2020-04-18 23:00:23,-21.37,55.62,77.0,83,20,19.46
510,Jijiga,ET,2020-04-18 23:08:01,9.35,42.8,65.64,53,99,5.61
511,Chilia Veche,RO,2020-04-18 23:08:01,45.42,29.28,48.2,70,62,2.24
512,Mpongwe,ZM,2020-04-18 23:08:01,-13.51,28.16,61.09,65,8,5.82
513,Nicoya,CR,2020-04-18 23:08:02,10.15,-85.45,95.0,34,13,11.41
514,Tocopilla,CL,2020-04-18 23:08:02,-22.09,-70.2,71.35,39,6,4.32
515,Carauari,BR,2020-04-18 23:08:02,-4.88,-66.9,74.73,93,100,2.1
516,Santa Cruz,BO,2020-04-18 23:08:02,-17.8,-63.17,80.6,36,3,8.05
517,Skibbereen,IE,2020-04-18 23:08:03,51.55,-9.27,46.4,100,90,12.75
518,Eyl,SO,2020-04-18 23:08:03,7.98,49.82,81.46,79,73,10.25
519,Maua,BR,2020-04-18 23:08:03,-23.67,-46.46,64.4,82,90,11.41
520,Usinsk,RU,2020-04-18 23:08:04,65.99,57.53,29.62,98,99,3.74
521,Wynyard,AU,2020-04-18 23:08:04,-41.0,145.72,55.99,9,69,1.99
522,Shache,CN,2020-04-18 23:08:04,38.42,77.24,53.29,45,91,8.79
523,Vanimo,PG,2020-04-18 23:08:04,-2.67,141.3,84.67,72,95,4.07
524,Eau Claire,US,2020-04-18 23:03:50,44.81,-91.5,62.6,33,75,14.99
525,Arlit,NE,2020-04-18 23:08:05,18.74,7.39,83.97,11,0,7.54
526,Suleja,NG,2020-04-18 23:08:05,9.18,7.18,82.17,56,73,7.63
527,Karratha,AU,2020-04-18 23:08:05,-20.74,116.85,84.7,49,89,7.85
528,Orotukan,RU,2020-04-18 23:08:06,62.27,151.7,-1.1,81,100,8.95
529,Jacqueville,CI,2020-04-18 23:08:06,5.21,-4.41,86.0,74,20,10.29
530,Portland,US,2020-04-18 23:03:36,45.52,-122.68,53.6,76,90,6.93
531,Isiolo,KE,2020-04-18 23:08:06,0.35,37.58,70.23,55,100,8.81
532,Osmena,PH,2020-04-18 23:08:07,10.52,119.93,84.25,77,44,12.95
533,Bud,US,2020-04-18 23:08:07,39.45,-86.18,55.4,67,1,9.17
534,Aykhal,RU,2020-04-18 22:58:46,66.0,111.5,8.6,50,1,4.47
535,Paamiut,GL,2020-04-18 23:00:40,61.99,-49.67,26.33,93,100,16.58
536,Villanueva De La Serena,ES,2020-04-18 23:08:08,38.98,-5.8,57.99,78,77,4.0
537,Barao De Melgaco,BR,2020-04-18 23:08:08,-16.19,-55.97,86.0,58,40,4.7
538,Riyadh,SA,2020-04-18 22:58:15,24.69,46.72,78.8,44,100,4.7
539,Acapulco,MX,2020-04-18 22:55:48,16.86,-99.89,84.2,74,5,11.41
540,Sheltozero,RU,2020-04-18 23:08:09,61.37,35.37,32.14,96,64,8.86
541,Kieta,PG,2020-04-18 23:08:09,-6.22,155.63,85.6,64,65,0.92
542,North Bend,US,2020-04-18 23:07:16,43.41,-124.22,57.0,81,90,8.05
543,Bitkine,TD,2020-04-18 23:08:09,11.98,18.21,77.02,13,57,4.09
544,Bundaberg,AU,2020-04-18 23:08:09,-24.85,152.35,72.0,94,75,8.16
545,Muisne,EC,2020-04-18 23:05:08,0.6,-80.03,75.2,100,75,9.17
546,Nome,US,2020-04-18 23:03:32,64.5,-165.41,34.0,100,90,8.05
547,Syracuse,IT,2020-04-18 23:02:42,37.09,15.28,57.99,87,86,5.82
548,Wanning,CN,2020-04-18 23:08:10,18.8,110.4,77.97,84,3,9.53
549,Seymchan,RU,2020-04-18 22:56:07,62.88,152.43,3.47,85,100,13.76
550,Khash,IR,2020-04-18 23:08:11,28.22,61.22,63.82,35,95,1.21
551,Hailar,CN,2020-04-18 23:08:11,49.2,119.7,32.07,64,100,14.63
552,Hanumangarh,IN,2020-04-18 23:08:11,29.58,74.32,74.14,51,38,3.8
553,Santa,PH,2020-04-18 23:06:33,17.49,120.43,85.17,61,90,1.66
554,Hualahuises,MX,2020-04-18 23:08:12,24.88,-99.67,84.94,53,74,7.49
555,San Juan,AR,2020-04-18 23:03:45,-31.54,-68.54,75.94,30,0,1.01
556,Myitkyina,MM,2020-04-18 23:04:56,25.38,97.4,69.76,77,43,1.97
557,Ohaeawai,NZ,2020-04-18 23:08:12,-35.35,173.88,68.0,92,97,3.0
558,Halifax,CA,2020-04-18 23:03:38,44.65,-63.57,37.0,74,100,3.0
559,Lazaro Cardenas,MX,2020-04-18 22:55:42,17.96,-102.2,81.37,63,61,8.01
560,Surskoye,RU,2020-04-18 23:08:13,54.48,46.72,33.06,88,22,6.91
561,Maltahohe,NA,2020-04-18 23:08:13,-24.83,16.98,68.0,19,27,1.7
562,Ipixuna,BR,2020-04-18 23:08:14,-1.76,-48.8,78.8,94,40,3.36
563,Atar,MR,2020-04-18 23:01:09,20.52,-13.05,70.0,24,0,10.51
564,Mosquera,CO,2020-04-18 23:06:54,4.71,-74.23,62.6,55,40,11.41
565,Okha,RU,2020-04-18 23:08:14,53.57,142.95,26.1,86,56,2.26
566,El Tarra,CO,2020-04-18 23:08:15,8.58,-73.09,76.82,73,46,1.9
567,Kosino,RU,2020-04-18 23:08:15,58.41,51.28,30.69,95,74,5.17
568,Santa Vitoria Do Palmar,BR,2020-04-18 23:08:15,-33.52,-53.37,64.36,84,13,10.36
569,Tucuman,AR,2020-04-18 23:07:02,-26.82,-65.22,75.2,57,0,5.82
570,Nova Borova,UA,2020-04-18 23:08:16,50.69,28.63,37.85,69,88,5.84
571,Tiruttani,IN,2020-04-18 23:08:16,13.18,79.61,82.4,88,20,3.69
572,Narok,KE,2020-04-18 23:08:16,-1.08,35.86,59.92,54,100,2.15
573,Shetpe,KZ,2020-04-18 23:08:16,44.17,52.12,54.46,56,69,4.79
574,Rena,NO,2020-04-18 23:08:16,61.13,11.36,30.99,82,0,1.99
